frame,time_s,x_m,y_m,z_m,vx_m_s,vy_m_s,vz_m_s,sep_km,earth_koz_violation_chief,earth_koz_violation_deputy,inner_koz_shape,inner_koz_inside,brt_value,brt_unsafe
0,0.0,0.0,3200.0,0.0,0.0,0.0,0.0,3.2,0,0,5056.790123456791,0,5352.800950270435,0
1,30.853468173623487,0.0,3200.0,0.0,0.0,0.0,0.0,3.19999999999998,0,0,5056.790123456791,0,5352.800950270435,0
2,61.70693634724697,0.0,3200.0,0.0,0.0,0.0,0.0,3.199999999999992,0,0,5056.790123456791,0,5352.800950270435,0
3,92.56040452087046,0.0,3200.0,0.0,0.0,0.0,0.0,3.1999999999999473,0,0,5056.790123456791,0,5352.800950270435,0
4,123.41387269449395,0.0,3200.0,0.0,0.0,0.0,0.0,3.200000000000059,0,0,5056.790123456791,0,5352.800950270435,0
5,154.26734086811743,0.0,3200.0,0.0,0.0,0.0,0.0,3.199999999999933,0,0,5056.790123456791,0,5352.800950270435,0
6,185.12080904174093,0.0,3200.0,0.0,0.0,0.0,0.0,3.2000000000000846,0,0,5056.790123456791,0,5352.800950270435,0
7,215.9742772153644,0.0,3200.0,0.0,0.0,0.0,0.0,3.199999999999849,0,0,5056.790123456791,0,5352.800950270435,0
8,246.8277453889879,0.0,3200.0,0.0,0.0,0.0,0.0,3.2000000000000295,0,0,5056.790123456791,0,5352.800950270435,0
9,277.6812135626114,0.0,3200.0,0.0,0.0,0.0,0.0,3.1999999999998088,0,0,5056.790123456791,0,5352.800950270435,0
10,308.53468173623486,0.0,3200.0,0.0,0.0,0.0,0.0,3.2000000000000304,0,0,5056.790123456791,0,5352.800950270435,0
11,339.3881499098583,0.0,3200.0,0.0,0.0,0.0,0.0,3.200000000000133,0,0,5056.790123456791,0,5352.800950270435,0
12,370.24161808348185,0.0,3200.0,0.0,0.0,0.0,0.0,3.1999999999999824,0,0,5056.790123456791,0,5352.800950270435,0
13,401.0950862571053,0.0,3200.0,0.0,0.0,0.0,0.0,3.199999999999659,0,0,5056.790123456791,0,5352.800950270435,0
14,431.9485544307288,0.0,3200.0,0.0,0.0,0.0,0.0,3.199999999999656,0,0,5056.790123456791,0,5352.800950270435,0
15,462.8020226043523,0.0,3200.0,0.0,0.0,0.0,0.0,3.2000000000003657,0,0,5056.790123456791,0,5352.800950270435,0
16,493.6554907779758,0.0,3200.0,0.0,0.0,0.0,0.0,3.200000000000077,0,0,5056.790123456791,0,5352.800950270435,0
17,524.5089589515993,0.0,3200.0,0.0,0.0,0.0,0.0,3.20000000000015,0,0,5056.790123456791,0,5352.800950270435,0
18,555.3624271252228,0.0,3200.0,0.0,0.0,0.0,0.0,3.2000000000000726,0,0,5056.790123456791,0,5352.800950270435,0
19,586.2158952988462,0.0,3200.0,0.0,0.0,0.0,0.0,3.2000000000001685,0,0,5056.790123456791,0,5352.800950270435,0
20,617.0693634724697,0.0,3200.0,0.0,0.0,0.0,0.0,3.199999999999861,0,0,5056.790123456791,0,5352.800950270435,0
21,647.9228316460932,0.0,3200.0,0.0,0.0,0.0,0.0,3.2000000000004722,0,0,5056.790123456791,0,5352.800950270435,0
22,678.7762998197167,0.0,3200.0,0.0,0.0,0.0,0.0,3.1999999999998527,0,0,5056.790123456791,0,5352.800950270435,0
23,709.6297679933402,0.0,3200.0,0.0,0.0,0.0,0.0,3.1999999999998527,0,0,5056.790123456791,0,5352.800950270435,0
24,740.4832361669637,0.0,3200.0,0.0,0.0,0.0,0.0,3.2000000000004722,0,0,5056.790123456791,0,5352.800950270435,0
25,771.3367043405872,0.0,3200.0,0.0,0.0,0.0,0.0,3.199999999999861,0,0,5056.790123456791,0,5352.800950270435,0
26,802.1901725142106,0.0,3200.0,0.0,0.0,0.0,0.0,3.2000000000001685,0,0,5056.790123456791,0,5352.800950270435,0
27,833.0436406878341,0.0,3200.0,0.0,0.0,0.0,0.0,3.2000000000000726,0,0,5056.790123456791,0,5352.800950270435,0
28,863.8971088614576,0.0,3200.0,0.0,0.0,0.0,0.0,3.20000000000015,0,0,5056.790123456791,0,5352.800950270435,0
29,894.7505770350812,0.0,3200.0,0.0,0.0,0.0,0.0,3.200000000000077,0,0,5056.790123456791,0,5352.800950270435,0
30,925.6040452087046,0.0,3200.0,0.0,0.0,0.0,0.0,3.2000000000003657,0,0,5056.790123456791,0,5352.800950270435,0
31,956.4575133823281,0.0,3200.0,0.0,0.0,0.0,0.0,3.199999999999656,0,0,5056.790123456791,0,5352.800950270435,0
32,987.3109815559516,0.0,3200.0,0.0,0.0,0.0,0.0,3.199999999999659,0,0,5056.790123456791,0,5352.800950270435,0
33,1018.164449729575,0.0,3200.0,0.0,0.0,0.0,0.0,3.1999999999999824,0,0,5056.790123456791,0,5352.800950270435,0
34,1049.0179179031986,0.0,3200.0,0.0,0.0,0.0,0.0,3.200000000000133,0,0,5056.790123456791,0,5352.800950270435,0
35,1079.871386076822,0.0,3200.0,0.0,0.0,0.0,0.0,3.2000000000000304,0,0,5056.790123456791,0,5352.800950270435,0
36,1110.7248542504456,0.0,3200.0,0.0,0.0,0.0,0.0,3.1999999999998088,0,0,5056.790123456791,0,5352.800950270435,0
37,1141.578322424069,0.0,3200.0,0.0,0.0,0.0,0.0,3.2000000000000295,0,0,5056.790123456791,0,5352.800950270435,0
38,1172.4317905976925,0.0,3200.0,0.0,0.0,0.0,0.0,3.199999999999849,0,0,5056.790123456791,0,5352.800950270435,0
39,1203.285258771316,0.0,3200.0,0.0,0.0,0.0,0.0,3.2000000000000846,0,0,5056.790123456791,0,5352.800950270435,0
40,1234.1387269449394,0.0,3200.0,0.0,0.0,0.0,0.0,3.199999999999933,0,0,5056.790123456791,0,5352.800950270435,0
41,1264.992195118563,0.0,3200.0,0.0,0.0,0.0,0.0,3.200000000000059,0,0,5056.790123456791,0,5352.800950270435,0
42,1295.8456632921864,0.0,3200.0,0.0,0.0,0.0,0.0,3.1999999999999473,0,0,5056.790123456791,0,5352.800950270435,0
43,1326.6991314658098,0.0,3200.0,0.0,0.0,0.0,0.0,3.199999999999992,0,0,5056.790123456791,0,5352.800950270435,0
44,1357.5525996394333,0.0,3200.0,0.0,0.0,0.0,0.0,3.19999999999998,0,0,5056.790123456791,0,5352.800950270435,0
45,1388.406067813057,0.0,3200.0,0.0,0.0,0.0,0.0,3.2,0,0,5056.790123456791,0,5352.800950270435,0
46,1419.2595359866805,0.0,3200.0,0.0,0.0,-0.0,-0.0,3.19999999999998,0,0,5056.790123456791,0,5352.800950270435,0
47,1450.113004160304,0.0,3200.0,0.0,0.0,-0.0,-0.0,3.199999999999992,0,0,5056.790123456791,0,5352.800950270435,0
48,1480.9664723339274,0.0,3200.0,0.0,0.0,-0.0,-0.0,3.1999999999999473,0,0,5056.790123456791,0,5352.800950270435,0
49,1511.8199405075509,0.0,3200.0,0.0,0.0,-0.0,-0.0,3.200000000000059,0,0,5056.790123456791,0,5352.800950270435,0
50,1542.6734086811744,0.0,3200.0,0.0,0.0,-0.0,-0.0,3.199999999999933,0,0,5056.790123456791,0,5352.800950270435,0
51,1573.5268768547978,0.0,3200.0,0.0,0.0,-0.0,-0.0,3.2000000000000846,0,0,5056.790123456791,0,5352.800950270435,0
52,1604.3803450284213,0.0,3200.0,0.0,0.0,-0.0,-0.0,3.199999999999849,0,0,5056.790123456791,0,5352.800950270435,0
53,1635.2338132020448,0.0,3200.0,0.0,0.0,-0.0,-0.0,3.2000000000000295,0,0,5056.790123456791,0,5352.800950270435,0
54,1666.0872813756682,0.0,3200.0,0.0,0.0,-0.0,-0.0,3.1999999999998088,0,0,5056.790123456791,0,5352.800950270435,0
55,1696.9407495492917,0.0,3200.0,0.0,0.0,-0.0,-0.0,3.2000000000000304,0,0,5056.790123456791,0,5352.800950270435,0
56,1727.7942177229152,0.0,3200.0,0.0,0.0,-0.0,-0.0,3.200000000000133,0,0,5056.790123456791,0,5352.800950270435,0
57,1758.6476858965386,0.0,3200.0,0.0,0.0,-0.0,-0.0,3.1999999999999824,0,0,5056.790123456791,0,5352.800950270435,0
58,1789.5011540701623,0.0,3200.0,0.0,0.0,-0.0,-0.0,3.199999999999659,0,0,5056.790123456791,0,5352.800950270435,0
59,1820.3546222437858,0.0,3200.0,0.0,0.0,-0.0,-0.0,3.199999999999656,0,0,5056.790123456791,0,5352.800950270435,0
60,1851.2080904174093,0.0,3200.0,0.0,0.0,-0.0,-0.0,3.2000000000003657,0,0,5056.790123456791,0,5352.800950270435,0
61,1882.0615585910327,0.0,3200.0,0.0,0.0,-0.0,-0.0,3.200000000000077,0,0,5056.790123456791,0,5352.800950270435,0
62,1912.9150267646562,0.0,3200.0,0.0,0.0,-0.0,-0.0,3.20000000000015,0,0,5056.790123456791,0,5352.800950270435,0
63,1943.7684949382797,0.0,3200.0,0.0,0.0,-0.0,-0.0,3.2000000000000726,0,0,5056.790123456791,0,5352.800950270435,0
64,1974.6219631119031,0.0,3200.0,0.0,0.0,-0.0,-0.0,3.2000000000001685,0,0,5056.790123456791,0,5352.800950270435,0
65,2005.4754312855266,0.0,3200.0,0.0,0.0,-0.0,-0.0,3.199999999999861,0,0,5056.790123456791,0,5352.800950270435,0
66,2036.32889945915,0.0,3200.0,0.0,0.0,-0.0,-0.0,3.2000000000004722,0,0,5056.790123456791,0,5352.800950270435,0
67,2067.1823676327735,0.0,3200.0,0.0,0.0,-0.0,-0.0,3.1999999999998527,0,0,5056.790123456791,0,5352.800950270435,0
68,2098.0358358063972,0.0,3200.0,0.0,0.0,-0.0,-0.0,3.1999999999998527,0,0,5056.790123456791,0,5352.800950270435,0
69,2128.8893039800205,0.0,3200.0,0.0,0.0,-0.0,-0.0,3.2000000000004722,0,0,5056.790123456791,0,5352.800950270435,0
70,2159.742772153644,0.0,3200.0,0.0,0.0,-0.0,-0.0,3.199999999999861,0,0,5056.790123456791,0,5352.800950270435,0
71,2190.5962403272674,0.0,3200.0,0.0,0.0,-0.0,-0.0,3.2000000000001685,0,0,5056.790123456791,0,5352.800950270435,0
72,2221.449708500891,0.0,3200.0,0.0,0.0,-0.0,-0.0,3.2000000000000726,0,0,5056.790123456791,0,5352.800950270435,0
73,2252.3031766745144,0.0,3200.0,0.0,0.0,-0.0,-0.0,3.20000000000015,0,0,5056.790123456791,0,5352.800950270435,0
74,2283.156644848138,0.0,3200.0,0.0,0.0,-0.0,-0.0,3.200000000000077,0,0,5056.790123456791,0,5352.800950270435,0
75,2314.0101130217613,0.0,3200.0,0.0,0.0,-0.0,-0.0,3.2000000000003657,0,0,5056.790123456791,0,5352.800950270435,0
76,2344.863581195385,0.0,3200.0,0.0,0.0,-0.0,-0.0,3.199999999999656,0,0,5056.790123456791,0,5352.800950270435,0
77,2375.7170493690087,0.0,3200.0,0.0,0.0,-0.0,-0.0,3.199999999999659,0,0,5056.790123456791,0,5352.800950270435,0
78,2406.570517542632,0.0,3200.0,0.0,0.0,-0.0,-0.0,3.1999999999999824,0,0,5056.790123456791,0,5352.800950270435,0
79,2437.4239857162556,0.0,3200.0,0.0,0.0,-0.0,-0.0,3.200000000000133,0,0,5056.790123456791,0,5352.800950270435,0
80,2468.277453889879,0.0,3200.0,0.0,0.0,-0.0,-0.0,3.2000000000000304,0,0,5056.790123456791,0,5352.800950270435,0
81,2499.1309220635026,0.0,3200.0,0.0,0.0,-0.0,-0.0,3.1999999999998088,0,0,5056.790123456791,0,5352.800950270435,0
82,2529.984390237126,0.0,3200.0,0.0,0.0,-0.0,-0.0,3.2000000000000295,0,0,5056.790123456791,0,5352.800950270435,0
83,2560.8378584107495,0.0,3200.0,0.0,0.0,-0.0,-0.0,3.199999999999849,0,0,5056.790123456791,0,5352.800950270435,0
84,2591.6913265843727,0.0,3200.0,0.0,0.0,-0.0,-0.0,3.2000000000000846,0,0,5056.790123456791,0,5352.800950270435,0
85,2622.5447947579964,0.0,3200.0,0.0,0.0,-0.0,-0.0,3.199999999999933,0,0,5056.790123456791,0,5352.800950270435,0
86,2653.3982629316197,0.0,3200.0,0.0,0.0,-0.0,-0.0,3.200000000000059,0,0,5056.790123456791,0,5352.800950270435,0
87,2684.2517311052434,0.0,3200.0,0.0,0.0,-0.0,-0.0,3.1999999999999473,0,0,5056.790123456791,0,5352.800950270435,0
88,2715.1051992788666,0.0,3200.0,0.0,0.0,-0.0,-0.0,3.199999999999992,0,0,5056.790123456791,0,5352.800950270435,0
89,2745.9586674524903,0.0,3200.0,0.0,0.0,-0.0,-0.0,3.19999999999998,0,0,5056.790123456791,0,5352.800950270435,0
90,2776.812135626114,0.0,3200.0,0.0,0.0,-0.0,-0.0,3.2,0,0,5056.790123456791,0,5352.800950270435,0
91,2807.6656037997373,0.0,3200.0,-0.0,-0.0,0.0,0.0,3.19999999999998,0,0,5056.790123456791,0,5352.800950270435,0
92,2838.519071973361,0.0,3200.0,-0.0,-0.0,0.0,0.0,3.199999999999992,0,0,5056.790123456791,0,5352.800950270435,0
93,2869.372540146984,0.0,3200.0,-0.0,-0.0,0.0,0.0,3.1999999999999473,0,0,5056.790123456791,0,5352.800950270435,0
94,2900.226008320608,0.0,3200.0,-0.0,-0.0,0.0,0.0,3.200000000000059,0,0,5056.790123456791,0,5352.800950270435,0
95,2931.079476494231,0.0,3200.0,-0.0,-0.0,0.0,0.0,3.199999999999933,0,0,5056.790123456791,0,5352.800950270435,0
96,2961.932944667855,0.0,3200.0,-0.0,-0.0,0.0,0.0,3.2000000000000846,0,0,5056.790123456791,0,5352.800950270435,0
97,2992.786412841478,0.0,3200.0,-0.0,-0.0,0.0,0.0,3.199999999999849,0,0,5056.790123456791,0,5352.800950270435,0
98,3023.6398810151018,0.0,3200.0,-0.0,-0.0,0.0,0.0,3.2000000000000295,0,0,5056.790123456791,0,5352.800950270435,0
99,3054.493349188725,0.0,3200.0,-0.0,-0.0,0.0,0.0,3.1999999999998088,0,0,5056.790123456791,0,5352.800950270435,0
100,3085.3468173623487,0.0,3200.0,-0.0,-0.0,0.0,0.0,3.2000000000000304,0,0,5056.790123456791,0,5352.800950270435,0
101,3116.200285535972,0.0,3200.0,-0.0,-0.0,0.0,0.0,3.200000000000133,0,0,5056.790123456791,0,5352.800950270435,0
102,3147.0537537095956,0.0,3200.0,-0.0,-0.0,0.0,0.0,3.1999999999999824,0,0,5056.790123456791,0,5352.800950270435,0
103,3177.9072218832193,0.0,3200.0,-0.0,-0.0,0.0,0.0,3.199999999999659,0,0,5056.790123456791,0,5352.800950270435,0
104,3208.7606900568426,0.0,3200.0,-0.0,-0.0,0.0,0.0,3.199999999999656,0,0,5056.790123456791,0,5352.800950270435,0
105,3239.6141582304663,0.0,3200.0,-0.0,-0.0,0.0,0.0,3.2000000000003657,0,0,5056.790123456791,0,5352.800950270435,0
106,3270.4676264040895,0.0,3200.0,-0.0,-0.0,0.0,0.0,3.200000000000077,0,0,5056.790123456791,0,5352.800950270435,0
107,3301.321094577713,0.0,3200.0,-0.0,-0.0,0.0,0.0,3.20000000000015,0,0,5056.790123456791,0,5352.800950270435,0
108,3332.1745627513365,0.0,3200.0,-0.0,-0.0,0.0,0.0,3.2000000000000726,0,0,5056.790123456791,0,5352.800950270435,0
109,3363.02803092496,0.0,3200.0,-0.0,-0.0,0.0,0.0,3.2000000000001685,0,0,5056.790123456791,0,5352.800950270435,0
110,3393.8814990985834,0.0,3200.0,-0.0,-0.0,0.0,0.0,3.199999999999861,0,0,5056.790123456791,0,5352.800950270435,0
111,3424.734967272207,0.0,3200.0,-0.0,-0.0,0.0,0.0,3.2000000000004722,0,0,5056.790123456791,0,5352.800950270435,0
112,3455.5884354458303,0.0,3200.0,-0.0,-0.0,0.0,0.0,3.1999999999998527,0,0,5056.790123456791,0,5352.800950270435,0
113,3486.441903619454,0.0,3200.0,-0.0,-0.0,0.0,0.0,3.1999999999998527,0,0,5056.790123456791,0,5352.800950270435,0
114,3517.2953717930773,0.0,3200.0,-0.0,-0.0,0.0,0.0,3.2000000000004722,0,0,5056.790123456791,0,5352.800950270435,0
115,3548.148839966701,0.0,3200.0,-0.0,-0.0,0.0,0.0,3.199999999999861,0,0,5056.790123456791,0,5352.800950270435,0
116,3579.0023081403247,0.0,3200.0,-0.0,-0.0,0.0,0.0,3.2000000000001685,0,0,5056.790123456791,0,5352.800950270435,0
117,3609.855776313948,0.0,3200.0,-0.0,-0.0,0.0,0.0,3.2000000000000726,0,0,5056.790123456791,0,5352.800950270435,0
118,3640.7092444875716,0.0,3200.0,-0.0,-0.0,0.0,0.0,3.20000000000015,0,0,5056.790123456791,0,5352.800950270435,0
119,3671.562712661195,0.0,3200.0,-0.0,-0.0,0.0,0.0,3.200000000000077,0,0,5056.790123456791,0,5352.800950270435,0
120,3702.4161808348185,0.0,3200.0,-0.0,-0.0,0.0,0.0,3.2000000000003657,0,0,5056.790123456791,0,5352.800950270435,0
121,3733.269649008442,0.0,3200.0,-0.0,-0.0,0.0,0.0,3.199999999999656,0,0,5056.790123456791,0,5352.800950270435,0
122,3764.1231171820655,0.0,3200.0,-0.0,-0.0,0.0,0.0,3.199999999999659,0,0,5056.790123456791,0,5352.800950270435,0
123,3794.9765853556887,0.0,3200.0,-0.0,-0.0,0.0,0.0,3.1999999999999824,0,0,5056.790123456791,0,5352.800950270435,0
124,3825.8300535293124,0.0,3200.0,-0.0,-0.0,0.0,0.0,3.200000000000133,0,0,5056.790123456791,0,5352.800950270435,0
125,3856.6835217029356,0.0,3200.0,-0.0,-0.0,0.0,0.0,3.2000000000000304,0,0,5056.790123456791,0,5352.800950270435,0
126,3887.5369898765593,0.0,3200.0,-0.0,-0.0,0.0,0.0,3.1999999999998088,0,0,5056.790123456791,0,5352.800950270435,0
127,3918.3904580501826,0.0,3200.0,-0.0,-0.0,0.0,0.0,3.2000000000000295,0,0,5056.790123456791,0,5352.800950270435,0
128,3949.2439262238063,0.0,3200.0,-0.0,-0.0,0.0,0.0,3.199999999999849,0,0,5056.790123456791,0,5352.800950270435,0
129,3980.09739439743,0.0,3200.0,-0.0,-0.0,0.0,0.0,3.2000000000000846,0,0,5056.790123456791,0,5352.800950270435,0
130,4010.950862571053,0.0,3200.0,-0.0,-0.0,0.0,0.0,3.199999999999933,0,0,5056.790123456791,0,5352.800950270435,0
131,4041.804330744677,0.0,3200.0,-0.0,-0.0,0.0,0.0,3.200000000000059,0,0,5056.790123456791,0,5352.800950270435,0
132,4072.6577989183,0.0,3200.0,-0.0,-0.0,0.0,0.0,3.1999999999999473,0,0,5056.790123456791,0,5352.800950270435,0
133,4103.511267091923,0.0,3200.0,-0.0,-0.0,0.0,0.0,3.199999999999992,0,0,5056.790123456791,0,5352.800950270435,0
134,4134.364735265547,0.0,3200.0,-0.0,-0.0,0.0,0.0,3.19999999999998,0,0,5056.790123456791,0,5352.800950270435,0
135,4165.218203439171,0.0,3200.0,-0.0,-0.0,0.0,0.0,3.2,0,0,5056.790123456791,0,5352.800950270435,0
136,4196.0716716127945,0.0,3200.0,0.0,0.0,0.0,0.0,3.19999999999998,0,0,5056.790123456791,0,5352.800950270435,0
137,4226.925139786417,0.0,3200.0,0.0,0.0,0.0,0.0,3.199999999999992,0,0,5056.790123456791,0,5352.800950270435,0
138,4257.778607960041,0.0,3200.0,0.0,0.0,0.0,0.0,3.1999999999999473,0,0,5056.790123456791,0,5352.800950270435,0
139,4288.632076133665,0.0,3200.0,0.0,0.0,0.0,0.0,3.200000000000059,0,0,5056.790123456791,0,5352.800950270435,0
140,4319.485544307288,0.0,3200.0,0.0,0.0,0.0,0.0,3.199999999999933,0,0,5056.790123456791,0,5352.800950270435,0
141,4350.339012480912,0.0,3200.0,0.0,0.0,0.0,0.0,3.2000000000000846,0,0,5056.790123456791,0,5352.800950270435,0
142,4381.192480654535,0.0,3200.0,0.0,0.0,0.0,0.0,3.199999999999849,0,0,5056.790123456791,0,5352.800950270435,0
143,4412.0459488281585,0.0,3200.0,0.0,0.0,0.0,0.0,3.2000000000000295,0,0,5056.790123456791,0,5352.800950270435,0
144,4442.899417001782,0.0,3200.0,0.0,0.0,0.0,0.0,3.1999999999998088,0,0,5056.790123456791,0,5352.800950270435,0
145,4473.752885175406,0.0,3200.0,0.0,0.0,0.0,0.0,3.2000000000000304,0,0,5056.790123456791,0,5352.800950270435,0
146,4504.606353349029,0.0,3200.0,0.0,0.0,0.0,0.0,3.200000000000133,0,0,5056.790123456791,0,5352.800950270435,0
147,4535.459821522652,0.0,3200.0,0.0,0.0,0.0,0.0,3.1999999999999824,0,0,5056.790123456791,0,5352.800950270435,0
148,4566.313289696276,0.0,3200.0,0.0,0.0,0.0,0.0,3.199999999999659,0,0,5056.790123456791,0,5352.800950270435,0
149,4597.1667578699,0.0,3200.0,0.0,0.0,0.0,0.0,3.199999999999656,0,0,5056.790123456791,0,5352.800950270435,0
150,4628.020226043523,0.0,3200.0,0.0,0.0,0.0,0.0,3.2000000000003657,0,0,5056.790123456791,0,5352.800950270435,0
151,4658.873694217146,0.0,3200.0,0.0,0.0,0.0,0.0,3.200000000000077,0,0,5056.790123456791,0,5352.800950270435,0
152,4689.72716239077,0.0,3200.0,0.0,0.0,0.0,0.0,3.20000000000015,0,0,5056.790123456791,0,5352.800950270435,0
153,4720.580630564394,0.0,3200.0,0.0,0.0,0.0,0.0,3.2000000000000726,0,0,5056.790123456791,0,5352.800950270435,0
154,4751.434098738017,0.0,3200.0,0.0,0.0,0.0,0.0,3.2000000000001685,0,0,5056.790123456791,0,5352.800950270435,0
155,4782.28756691164,0.0,3200.0,0.0,0.0,0.0,0.0,3.199999999999861,0,0,5056.790123456791,0,5352.800950270435,0
156,4813.141035085264,0.0,3200.0,0.0,0.0,0.0,0.0,3.2000000000004722,0,0,5056.790123456791,0,5352.800950270435,0
157,4843.994503258888,0.0,3200.0,0.0,0.0,0.0,0.0,3.1999999999998527,0,0,5056.790123456791,0,5352.800950270435,0
158,4874.847971432511,0.0,3200.0,0.0,0.0,0.0,0.0,3.1999999999998527,0,0,5056.790123456791,0,5352.800950270435,0
159,4905.701439606134,0.0,3200.0,0.0,0.0,0.0,0.0,3.2000000000004722,0,0,5056.790123456791,0,5352.800950270435,0
160,4936.554907779758,0.0,3200.0,0.0,0.0,0.0,0.0,3.199999999999861,0,0,5056.790123456791,0,5352.800950270435,0
161,4967.408375953381,0.0,3200.0,0.0,0.0,0.0,0.0,3.2000000000001685,0,0,5056.790123456791,0,5352.800950270435,0
162,4998.261844127005,0.0,3200.0,0.0,0.0,0.0,0.0,3.2000000000000726,0,0,5056.790123456791,0,5352.800950270435,0
163,5029.115312300628,0.0,3200.0,0.0,0.0,0.0,0.0,3.20000000000015,0,0,5056.790123456791,0,5352.800950270435,0
164,5059.968780474252,0.0,3200.0,0.0,0.0,0.0,0.0,3.200000000000077,0,0,5056.790123456791,0,5352.800950270435,0
165,5090.822248647875,0.0,3200.0,0.0,0.0,0.0,0.0,3.2000000000003657,0,0,5056.790123456791,0,5352.800950270435,0
166,5121.675716821499,0.0,3200.0,0.0,0.0,0.0,0.0,3.199999999999656,0,0,5056.790123456791,0,5352.800950270435,0
167,5152.529184995123,0.0,3200.0,0.0,0.0,0.0,0.0,3.199999999999659,0,0,5056.790123456791,0,5352.800950270435,0
168,5183.3826531687455,0.0,3200.0,0.0,0.0,0.0,0.0,3.1999999999999824,0,0,5056.790123456791,0,5352.800950270435,0
169,5214.236121342369,0.0,3200.0,0.0,0.0,0.0,0.0,3.200000000000133,0,0,5056.790123456791,0,5352.800950270435,0
170,5245.089589515993,0.0,3200.0,0.0,0.0,0.0,0.0,3.2000000000000304,0,0,5056.790123456791,0,5352.800950270435,0
171,5275.943057689617,0.0,3200.0,0.0,0.0,0.0,0.0,3.1999999999998088,0,0,5056.790123456791,0,5352.800950270435,0
172,5306.796525863239,0.0,3200.0,0.0,0.0,0.0,0.0,3.2000000000000295,0,0,5056.790123456791,0,5352.800950270435,0
173,5337.649994036863,0.0,3200.0,0.0,0.0,0.0,0.0,3.199999999999849,0,0,5056.790123456791,0,5352.800950270435,0
174,5368.503462210487,0.0,3200.0,0.0,0.0,0.0,0.0,3.2000000000000846,0,0,5056.790123456791,0,5352.800950270435,0
175,5399.3569303841105,0.0,3200.0,0.0,0.0,0.0,0.0,3.199999999999933,0,0,5056.790123456791,0,5352.800950270435,0
176,5430.210398557733,0.0,3200.0,0.0,0.0,0.0,0.0,3.200000000000059,0,0,5056.790123456791,0,5352.800950270435,0
177,5461.063866731357,0.0,3200.0,0.0,0.0,0.0,0.0,3.1999999999999473,0,0,5056.790123456791,0,5352.800950270435,0
178,5491.917334904981,0.0,3200.0,0.0,0.0,0.0,0.0,3.199999999999992,0,0,5056.790123456791,0,5352.800950270435,0
179,5522.770803078604,0.0,3200.0,0.0,0.0,0.0,0.0,3.19999999999998,0,0,5056.790123456791,0,5352.800950270435,0
180,5553.624271252228,0.0,3200.0,0.0,0.0,0.0,0.0,3.2,0,0,5056.790123456791,0,5352.800950270435,0
181,5584.477739425851,0.0,3200.0,0.0,0.0,0.0,0.0,3.19999999999998,0,0,5056.790123456791,0,5352.800950270435,0
182,5615.3312075994745,0.0,3200.0,0.0,0.0,0.0,0.0,3.199999999999992,0,0,5056.790123456791,0,5352.800950270435,0
183,5646.184675773098,0.0,3200.0,0.0,0.0,0.0,0.0,3.1999999999999473,0,0,5056.790123456791,0,5352.800950270435,0
184,5677.038143946722,0.0,3200.0,0.0,0.0,0.0,0.0,3.200000000000059,0,0,5056.790123456791,0,5352.800950270435,0
185,5707.891612120345,0.0,3200.0,0.0,0.0,0.0,0.0,3.199999999999933,0,0,5056.790123456791,0,5352.800950270435,0
186,5738.745080293968,0.0,3200.0,0.0,0.0,0.0,0.0,3.2000000000000846,0,0,5056.790123456791,0,5352.800950270435,0
187,5769.598548467592,0.0,3200.0,0.0,0.0,0.0,0.0,3.199999999999849,0,0,5056.790123456791,0,5352.800950270435,0
188,5800.452016641216,0.0,3200.0,0.0,0.0,0.0,0.0,3.2000000000000295,0,0,5056.790123456791,0,5352.800950270435,0
189,5831.305484814839,0.0,3200.0,0.0,0.0,0.0,0.0,3.1999999999998088,0,0,5056.790123456791,0,5352.800950270435,0
190,5862.158952988462,0.0,3200.0,0.0,0.0,0.0,0.0,3.2000000000000304,0,0,5056.790123456791,0,5352.800950270435,0
191,5893.012421162086,0.0,3200.0,0.0,0.0,0.0,0.0,3.200000000000133,0,0,5056.790123456791,0,5352.800950270435,0
192,5923.86588933571,0.0,3200.0,0.0,0.0,0.0,0.0,3.1999999999999824,0,0,5056.790123456791,0,5352.800950270435,0
193,5954.719357509333,0.0,3200.0,0.0,0.0,0.0,0.0,3.199999999999659,0,0,5056.790123456791,0,5352.800950270435,0
194,5985.572825682956,0.0,3200.0,0.0,0.0,0.0,0.0,3.199999999999656,0,0,5056.790123456791,0,5352.800950270435,0
195,6016.42629385658,0.0,3200.0,0.0,0.0,0.0,0.0,3.2000000000003657,0,0,5056.790123456791,0,5352.800950270435,0
196,6047.2797620302035,0.0,3200.0,0.0,0.0,0.0,0.0,3.200000000000077,0,0,5056.790123456791,0,5352.800950270435,0
197,6078.133230203827,0.0,3200.0,0.0,0.0,0.0,0.0,3.20000000000015,0,0,5056.790123456791,0,5352.800950270435,0
198,6108.98669837745,0.0,3200.0,0.0,0.0,0.0,0.0,3.2000000000000726,0,0,5056.790123456791,0,5352.800950270435,0
199,6139.840166551074,0.0,3200.0,0.0,0.0,0.0,0.0,3.2000000000001685,0,0,5056.790123456791,0,5352.800950270435,0
200,6170.693634724697,0.0,3200.0,0.0,0.0,0.0,0.0,3.199999999999861,0,0,5056.790123456791,0,5352.800950270435,0
201,6201.547102898321,0.0,3200.0,0.0,0.0,0.0,0.0,3.2000000000004722,0,0,5056.790123456791,0,5352.800950270435,0
202,6232.400571071944,0.0,3200.0,0.0,0.0,0.0,0.0,3.1999999999998527,0,0,5056.790123456791,0,5352.800950270435,0
203,6263.254039245568,0.0,3200.0,0.0,0.0,0.0,0.0,3.1999999999998527,0,0,5056.790123456791,0,5352.800950270435,0
204,6294.107507419191,0.0,3200.0,0.0,0.0,0.0,0.0,3.2000000000004722,0,0,5056.790123456791,0,5352.800950270435,0
205,6324.960975592815,0.0,3200.0,0.0,0.0,0.0,0.0,3.199999999999861,0,0,5056.790123456791,0,5352.800950270435,0
206,6355.814443766439,0.0,3200.0,0.0,0.0,0.0,0.0,3.2000000000001685,0,0,5056.790123456791,0,5352.800950270435,0
207,6386.6679119400615,0.0,3200.0,0.0,0.0,0.0,0.0,3.2000000000000726,0,0,5056.790123456791,0,5352.800950270435,0
208,6417.521380113685,0.0,3200.0,0.0,0.0,0.0,0.0,3.20000000000015,0,0,5056.790123456791,0,5352.800950270435,0
209,6448.374848287309,0.0,3200.0,0.0,0.0,0.0,0.0,3.200000000000077,0,0,5056.790123456791,0,5352.800950270435,0
210,6479.228316460933,0.0,3200.0,0.0,0.0,0.0,0.0,3.2000000000003657,0,0,5056.790123456791,0,5352.800950270435,0
211,6510.081784634555,0.0,3200.0,0.0,0.0,0.0,0.0,3.199999999999656,0,0,5056.790123456791,0,5352.800950270435,0
212,6540.935252808179,0.0,3200.0,0.0,0.0,0.0,0.0,3.199999999999659,0,0,5056.790123456791,0,5352.800950270435,0
213,6571.788720981803,0.0,3200.0,0.0,0.0,0.0,0.0,3.1999999999999824,0,0,5056.790123456791,0,5352.800950270435,0
214,6602.642189155426,0.0,3200.0,0.0,0.0,0.0,0.0,3.200000000000133,0,0,5056.790123456791,0,5352.800950270435,0
215,6633.495657329049,0.0,3200.0,0.0,0.0,0.0,0.0,3.2000000000000304,0,0,5056.790123456791,0,5352.800950270435,0
216,6664.349125502673,0.0,3200.0,0.0,0.0,0.0,0.0,3.1999999999998088,0,0,5056.790123456791,0,5352.800950270435,0
217,6695.202593676297,0.0,3200.0,0.0,0.0,0.0,0.0,3.2000000000000295,0,0,5056.790123456791,0,5352.800950270435,0
218,6726.05606184992,0.0,3200.0,0.0,0.0,0.0,0.0,3.199999999999849,0,0,5056.790123456791,0,5352.800950270435,0
219,6756.909530023544,0.0,3200.0,0.0,0.0,0.0,0.0,3.2000000000000846,0,0,5056.790123456791,0,5352.800950270435,0
220,6787.762998197167,0.0,3200.0,0.0,0.0,0.0,0.0,3.199999999999933,0,0,5056.790123456791,0,5352.800950270435,0
221,6818.6164663707905,0.0,3200.0,0.0,0.0,0.0,0.0,3.200000000000059,0,0,5056.790123456791,0,5352.800950270435,0
222,6849.469934544414,0.0,3200.0,0.0,0.0,0.0,0.0,3.1999999999999473,0,0,5056.790123456791,0,5352.800950270435,0
223,6880.323402718038,0.0,3200.0,0.0,0.0,0.0,0.0,3.199999999999992,0,0,5056.790123456791,0,5352.800950270435,0
224,6911.176870891661,0.0,3200.0,0.0,0.0,0.0,0.0,3.19999999999998,0,0,5056.790123456791,0,5352.800950270435,0
225,6942.030339065284,0.0,3200.0,0.0,0.0,0.0,0.0,3.2,0,0,5056.790123456791,0,5352.800950270435,0
226,6972.883807238908,0.0,3200.0,0.0,0.0,-0.0,-0.0,3.19999999999998,0,0,5056.790123456791,0,5352.800950270435,0
227,7003.737275412532,0.0,3200.0,0.0,0.0,-0.0,-0.0,3.199999999999992,0,0,5056.790123456791,0,5352.800950270435,0
228,7034.5907435861545,0.0,3200.0,0.0,0.0,-0.0,-0.0,3.1999999999999473,0,0,5056.790123456791,0,5352.800950270435,0
229,7065.444211759778,0.0,3200.0,0.0,0.0,-0.0,-0.0,3.200000000000059,0,0,5056.790123456791,0,5352.800950270435,0
230,7096.297679933402,0.0,3200.0,0.0,0.0,-0.0,-0.0,3.199999999999933,0,0,5056.790123456791,0,5352.800950270435,0
231,7127.151148107026,0.0,3200.0,0.0,0.0,-0.0,-0.0,3.2000000000000846,0,0,5056.790123456791,0,5352.800950270435,0
232,7158.004616280649,0.0,3200.0,0.0,0.0,-0.0,-0.0,3.199999999999849,0,0,5056.790123456791,0,5352.800950270435,0
233,7188.858084454272,0.0,3200.0,0.0,0.0,-0.0,-0.0,3.2000000000000295,0,0,5056.790123456791,0,5352.800950270435,0
234,7219.711552627896,0.0,3200.0,0.0,0.0,-0.0,-0.0,3.1999999999998088,0,0,5056.790123456791,0,5352.800950270435,0
235,7250.5650208015195,0.0,3200.0,0.0,0.0,-0.0,-0.0,3.2000000000000304,0,0,5056.790123456791,0,5352.800950270435,0
236,7281.418488975143,0.0,3200.0,0.0,0.0,-0.0,-0.0,3.200000000000133,0,0,5056.790123456791,0,5352.800950270435,0
237,7312.271957148766,0.0,3200.0,0.0,0.0,-0.0,-0.0,3.1999999999999824,0,0,5056.790123456791,0,5352.800950270435,0
238,7343.12542532239,0.0,3200.0,0.0,0.0,-0.0,-0.0,3.199999999999659,0,0,5056.790123456791,0,5352.800950270435,0
239,7373.978893496013,0.0,3200.0,0.0,0.0,-0.0,-0.0,3.199999999999656,0,0,5056.790123456791,0,5352.800950270435,0
240,7404.832361669637,0.0,3200.0,0.0,0.0,-0.0,-0.0,3.2000000000003657,0,0,5056.790123456791,0,5352.800950270435,0
241,7435.68582984326,0.0,3200.0,0.0,0.0,-0.0,-0.0,3.200000000000077,0,0,5056.790123456791,0,5352.800950270435,0
242,7466.539298016884,0.0,3200.0,0.0,0.0,-0.0,-0.0,3.20000000000015,0,0,5056.790123456791,0,5352.800950270435,0
243,7497.392766190507,0.0,3200.0,0.0,0.0,-0.0,-0.0,3.2000000000000726,0,0,5056.790123456791,0,5352.800950270435,0
244,7528.246234364131,0.0,3200.0,0.0,0.0,-0.0,-0.0,3.2000000000001685,0,0,5056.790123456791,0,5352.800950270435,0
245,7559.099702537755,0.0,3200.0,0.0,0.0,-0.0,-0.0,3.199999999999861,0,0,5056.790123456791,0,5352.800950270435,0
246,7589.953170711377,0.0,3200.0,0.0,0.0,-0.0,-0.0,3.2000000000004722,0,0,5056.790123456791,0,5352.800950270435,0
247,7620.806638885001,0.0,3200.0,0.0,0.0,-0.0,-0.0,3.1999999999998527,0,0,5056.790123456791,0,5352.800950270435,0
248,7651.660107058625,0.0,3200.0,0.0,0.0,-0.0,-0.0,3.1999999999998527,0,0,5056.790123456791,0,5352.800950270435,0
249,7682.5135752322485,0.0,3200.0,0.0,0.0,-0.0,-0.0,3.2000000000004722,0,0,5056.790123456791,0,5352.800950270435,0
250,7713.367043405871,0.0,3200.0,0.0,0.0,-0.0,-0.0,3.199999999999861,0,0,5056.790123456791,0,5352.800950270435,0
251,7744.220511579495,0.0,3200.0,0.0,0.0,-0.0,-0.0,3.2000000000001685,0,0,5056.790123456791,0,5352.800950270435,0
252,7775.073979753119,0.0,3200.0,0.0,0.0,-0.0,-0.0,3.2000000000000726,0,0,5056.790123456791,0,5352.800950270435,0
253,7805.927447926742,0.0,3200.0,0.0,0.0,-0.0,-0.0,3.20000000000015,0,0,5056.790123456791,0,5352.800950270435,0
254,7836.780916100365,0.0,3200.0,0.0,0.0,-0.0,-0.0,3.200000000000077,0,0,5056.790123456791,0,5352.800950270435,0
255,7867.634384273989,0.0,3200.0,0.0,0.0,-0.0,-0.0,3.2000000000003657,0,0,5056.790123456791,0,5352.800950270435,0
256,7898.487852447613,0.0,3200.0,0.0,0.0,-0.0,-0.0,3.199999999999656,0,0,5056.790123456791,0,5352.800950270435,0
257,7929.341320621236,0.0,3200.0,0.0,0.0,-0.0,-0.0,3.199999999999659,0,0,5056.790123456791,0,5352.800950270435,0
258,7960.19478879486,0.0,3200.0,0.0,0.0,-0.0,-0.0,3.1999999999999824,0,0,5056.790123456791,0,5352.800950270435,0
259,7991.048256968483,0.0,3200.0,0.0,0.0,-0.0,-0.0,3.200000000000133,0,0,5056.790123456791,0,5352.800950270435,0
260,8021.901725142106,0.0,3200.0,0.0,0.0,-0.0,-0.0,3.2000000000000304,0,0,5056.790123456791,0,5352.800950270435,0
261,8052.75519331573,0.0,3200.0,0.0,0.0,-0.0,-0.0,3.1999999999998088,0,0,5056.790123456791,0,5352.800950270435,0
262,8083.608661489354,0.0,3200.0,0.0,0.0,-0.0,-0.0,3.2000000000000295,0,0,5056.790123456791,0,5352.800950270435,0
263,8114.462129662977,0.0,3200.0,0.0,0.0,-0.0,-0.0,3.199999999999849,0,0,5056.790123456791,0,5352.800950270435,0
264,8145.3155978366,0.0,3200.0,0.0,0.0,-0.0,-0.0,3.2000000000000846,0,0,5056.790123456791,0,5352.800950270435,0
265,8176.169066010224,0.0,3200.0,0.0,0.0,-0.0,-0.0,3.199999999999933,0,0,5056.790123456791,0,5352.800950270435,0
266,8207.022534183847,0.0,3200.0,0.0,0.0,-0.0,-0.0,3.200000000000059,0,0,5056.790123456791,0,5352.800950270435,0
267,8237.87600235747,0.0,3200.0,0.0,0.0,-0.0,-0.0,3.1999999999999473,0,0,5056.790123456791,0,5352.800950270435,0
268,8268.729470531094,0.0,3200.0,0.0,0.0,-0.0,-0.0,3.199999999999992,0,0,5056.790123456791,0,5352.800950270435,0
269,8299.582938704718,0.0,3200.0,0.0,0.0,-0.0,-0.0,3.19999999999998,0,0,5056.790123456791,0,5352.800950270435,0
270,8330.436406878342,0.0,3200.0,0.0,0.0,-0.0,-0.0,3.2,0,0,5056.790123456791,0,5352.800950270435,0
271,8361.289875051965,0.0,3200.0,-0.0,-0.0,0.0,0.0,3.19999999999998,0,0,5056.790123456791,0,5352.800950270435,0
272,8392.143343225589,0.0,3200.0,-0.0,-0.0,0.0,0.0,3.199999999999992,0,0,5056.790123456791,0,5352.800950270435,0
273,8422.996811399213,0.0,3200.0,-0.0,-0.0,0.0,0.0,3.1999999999999473,0,0,5056.790123456791,0,5352.800950270435,0
274,8453.850279572835,0.0,3200.0,-0.0,-0.0,0.0,0.0,3.200000000000059,0,0,5056.790123456791,0,5352.800950270435,0
275,8484.703747746458,0.0,3200.0,-0.0,-0.0,0.0,0.0,3.199999999999933,0,0,5056.790123456791,0,5352.800950270435,0
276,8515.557215920082,0.0,3200.0,-0.0,-0.0,0.0,0.0,3.2000000000000846,0,0,5056.790123456791,0,5352.800950270435,0
277,8546.410684093706,0.0,3200.0,-0.0,-0.0,0.0,0.0,3.199999999999849,0,0,5056.790123456791,0,5352.800950270435,0
278,8577.26415226733,0.0,3200.0,-0.0,-0.0,0.0,0.0,3.2000000000000295,0,0,5056.790123456791,0,5352.800950270435,0
279,8608.117620440953,0.0,3200.0,-0.0,-0.0,0.0,0.0,3.1999999999998088,0,0,5056.790123456791,0,5352.800950270435,0
280,8638.971088614577,0.0,3200.0,-0.0,-0.0,0.0,0.0,3.2000000000000304,0,0,5056.790123456791,0,5352.800950270435,0
281,8669.8245567882,0.0,3200.0,-0.0,-0.0,0.0,0.0,3.200000000000133,0,0,5056.790123456791,0,5352.800950270435,0
282,8700.678024961824,0.0,3200.0,-0.0,-0.0,0.0,0.0,3.1999999999999824,0,0,5056.790123456791,0,5352.800950270435,0
283,8731.531493135446,0.0,3200.0,-0.0,-0.0,0.0,0.0,3.199999999999659,0,0,5056.790123456791,0,5352.800950270435,0
284,8762.38496130907,0.0,3200.0,-0.0,-0.0,0.0,0.0,3.199999999999656,0,0,5056.790123456791,0,5352.800950270435,0
285,8793.238429482693,0.0,3200.0,-0.0,-0.0,0.0,0.0,3.2000000000003657,0,0,5056.790123456791,0,5352.800950270435,0
286,8824.091897656317,0.0,3200.0,-0.0,-0.0,0.0,0.0,3.200000000000077,0,0,5056.790123456791,0,5352.800950270435,0
287,8854.94536582994,0.0,3200.0,-0.0,-0.0,0.0,0.0,3.20000000000015,0,0,5056.790123456791,0,5352.800950270435,0
288,8885.798834003564,0.0,3200.0,-0.0,-0.0,0.0,0.0,3.2000000000000726,0,0,5056.790123456791,0,5352.800950270435,0
289,8916.652302177188,0.0,3200.0,-0.0,-0.0,0.0,0.0,3.2000000000001685,0,0,5056.790123456791,0,5352.800950270435,0
290,8947.505770350812,0.0,3200.0,-0.0,-0.0,0.0,0.0,3.199999999999861,0,0,5056.790123456791,0,5352.800950270435,0
291,8978.359238524434,0.0,3200.0,-0.0,-0.0,0.0,0.0,3.2000000000004722,0,0,5056.790123456791,0,5352.800950270435,0
292,9009.212706698057,0.0,3200.0,-0.0,-0.0,0.0,0.0,3.1999999999998527,0,0,5056.790123456791,0,5352.800950270435,0
293,9040.066174871681,0.0,3200.0,-0.0,-0.0,0.0,0.0,3.1999999999998527,0,0,5056.790123456791,0,5352.800950270435,0
294,9070.919643045305,0.0,3200.0,-0.0,-0.0,0.0,0.0,3.2000000000004722,0,0,5056.790123456791,0,5352.800950270435,0
295,9101.773111218929,0.0,3200.0,-0.0,-0.0,0.0,0.0,3.199999999999861,0,0,5056.790123456791,0,5352.800950270435,0
296,9132.626579392552,0.0,3200.0,-0.0,-0.0,0.0,0.0,3.2000000000001685,0,0,5056.790123456791,0,5352.800950270435,0
297,9163.480047566176,0.0,3200.0,-0.0,-0.0,0.0,0.0,3.2000000000000726,0,0,5056.790123456791,0,5352.800950270435,0
298,9194.3335157398,0.0,3200.0,-0.0,-0.0,0.0,0.0,3.20000000000015,0,0,5056.790123456791,0,5352.800950270435,0
299,9225.186983913423,0.0,3200.0,-0.0,-0.0,0.0,0.0,3.200000000000077,0,0,5056.790123456791,0,5352.800950270435,0
300,9256.040452087045,0.0,3200.0,-0.0,-0.0,0.0,0.0,3.2000000000003657,0,0,5056.790123456791,0,5352.800950270435,0
301,9286.893920260669,0.0,3200.0,-0.0,-0.0,0.0,0.0,3.199999999999656,0,0,5056.790123456791,0,5352.800950270435,0
302,9317.747388434293,0.0,3200.0,-0.0,-0.0,0.0,0.0,3.199999999999659,0,0,5056.790123456791,0,5352.800950270435,0
303,9348.600856607916,0.0,3200.0,-0.0,-0.0,0.0,0.0,3.1999999999999824,0,0,5056.790123456791,0,5352.800950270435,0
304,9379.45432478154,0.0,3200.0,-0.0,-0.0,0.0,0.0,3.200000000000133,0,0,5056.790123456791,0,5352.800950270435,0
305,9410.307792955164,0.0,3200.0,-0.0,-0.0,0.0,0.0,3.2000000000000304,0,0,5056.790123456791,0,5352.800950270435,0
306,9441.161261128787,0.0,3200.0,-0.0,-0.0,0.0,0.0,3.1999999999998088,0,0,5056.790123456791,0,5352.800950270435,0
307,9472.014729302411,0.0,3200.0,-0.0,-0.0,0.0,0.0,3.2000000000000295,0,0,5056.790123456791,0,5352.800950270435,0
308,9502.868197476035,0.0,3200.0,-0.0,-0.0,0.0,0.0,3.199999999999849,0,0,5056.790123456791,0,5352.800950270435,0
309,9533.721665649657,0.0,3200.0,-0.0,-0.0,0.0,0.0,3.2000000000000846,0,0,5056.790123456791,0,5352.800950270435,0
310,9564.57513382328,0.0,3200.0,-0.0,-0.0,0.0,0.0,3.199999999999933,0,0,5056.790123456791,0,5352.800950270435,0
311,9595.428601996904,0.0,3200.0,-0.0,-0.0,0.0,0.0,3.200000000000059,0,0,5056.790123456791,0,5352.800950270435,0
312,9626.282070170528,0.0,3200.0,-0.0,-0.0,0.0,0.0,3.1999999999999473,0,0,5056.790123456791,0,5352.800950270435,0
313,9657.135538344151,0.0,3200.0,-0.0,-0.0,0.0,0.0,3.199999999999992,0,0,5056.790123456791,0,5352.800950270435,0
314,9687.989006517775,0.0,3200.0,-0.0,-0.0,0.0,0.0,3.19999999999998,0,0,5056.790123456791,0,5352.800950270435,0
315,9718.842474691399,0.0,3200.0,-0.0,-0.0,0.0,0.0,3.2,0,0,5056.790123456791,0,5352.800950270435,0
316,9749.695942865023,0.0,3200.0,0.0,0.0,0.0,0.0,3.19999999999998,0,0,5056.790123456791,0,5352.800950270435,0
317,9780.549411038644,0.0,3200.0,0.0,0.0,0.0,0.0,3.199999999999992,0,0,5056.790123456791,0,5352.800950270435,0
318,9811.402879212268,0.0,3200.0,0.0,0.0,0.0,0.0,3.1999999999999473,0,0,5056.790123456791,0,5352.800950270435,0
319,9842.256347385892,0.0,3200.0,0.0,0.0,0.0,0.0,3.200000000000059,0,0,5056.790123456791,0,5352.800950270435,0
320,9873.109815559515,0.0,3200.0,0.0,0.0,0.0,0.0,3.199999999999933,0,0,5056.790123456791,0,5352.800950270435,0
321,9903.96328373314,0.0,3200.0,0.0,0.0,0.0,0.0,3.2000000000000846,0,0,5056.790123456791,0,5352.800950270435,0
322,9934.816751906763,0.0,3200.0,0.0,0.0,0.0,0.0,3.199999999999849,0,0,5056.790123456791,0,5352.800950270435,0
323,9965.670220080387,0.0,3200.0,0.0,0.0,0.0,0.0,3.2000000000000295,0,0,5056.790123456791,0,5352.800950270435,0
324,9996.52368825401,0.0,3200.0,0.0,0.0,0.0,0.0,3.1999999999998088,0,0,5056.790123456791,0,5352.800950270435,0
325,10027.377156427634,0.0,3200.0,0.0,0.0,0.0,0.0,3.2000000000000304,0,0,5056.790123456791,0,5352.800950270435,0
326,10058.230624601256,0.0,3200.0,0.0,0.0,0.0,0.0,3.200000000000133,0,0,5056.790123456791,0,5352.800950270435,0
327,10089.08409277488,0.0,3200.0,0.0,0.0,0.0,0.0,3.1999999999999824,0,0,5056.790123456791,0,5352.800950270435,0
328,10119.937560948503,0.0,3200.0,0.0,0.0,0.0,0.0,3.199999999999659,0,0,5056.790123456791,0,5352.800950270435,0
329,10150.791029122127,0.0,3200.0,0.0,0.0,0.0,0.0,3.199999999999656,0,0,5056.790123456791,0,5352.800950270435,0
330,10181.64449729575,0.0,3200.0,0.0,0.0,0.0,0.0,3.2000000000003657,0,0,5056.790123456791,0,5352.800950270435,0
331,10212.497965469374,0.0,3200.0,0.0,0.0,0.0,0.0,3.200000000000077,0,0,5056.790123456791,0,5352.800950270435,0
332,10243.351433642998,0.0,3200.0,0.0,0.0,0.0,0.0,3.20000000000015,0,0,5056.790123456791,0,5352.800950270435,0
333,10274.204901816622,0.0,3200.0,0.0,0.0,0.0,0.0,3.2000000000000726,0,0,5056.790123456791,0,5352.800950270435,0
334,10305.058369990245,0.0,3200.0,0.0,0.0,0.0,0.0,3.2000000000001685,0,0,5056.790123456791,0,5352.800950270435,0
335,10335.911838163867,0.0,3200.0,0.0,0.0,0.0,0.0,3.199999999999861,0,0,5056.790123456791,0,5352.800950270435,0
336,10366.765306337491,0.0,3200.0,0.0,0.0,0.0,0.0,3.2000000000004722,0,0,5056.790123456791,0,5352.800950270435,0
337,10397.618774511115,0.0,3200.0,0.0,0.0,0.0,0.0,3.1999999999998527,0,0,5056.790123456791,0,5352.800950270435,0
338,10428.472242684738,0.0,3200.0,0.0,0.0,0.0,0.0,3.1999999999998527,0,0,5056.790123456791,0,5352.800950270435,0
339,10459.325710858362,0.0,3200.0,0.0,0.0,0.0,0.0,3.2000000000004722,0,0,5056.790123456791,0,5352.800950270435,0
340,10490.179179031986,0.0,3200.0,0.0,0.0,0.0,0.0,3.199999999999861,0,0,5056.790123456791,0,5352.800950270435,0
341,10521.03264720561,0.0,3200.0,0.0,0.0,0.0,0.0,3.2000000000001685,0,0,5056.790123456791,0,5352.800950270435,0
342,10551.886115379233,0.0,3200.0,0.0,0.0,0.0,0.0,3.2000000000000726,0,0,5056.790123456791,0,5352.800950270435,0
343,10582.739583552855,0.0,3200.0,0.0,0.0,0.0,0.0,3.20000000000015,0,0,5056.790123456791,0,5352.800950270435,0
344,10613.593051726479,0.0,3200.0,0.0,0.0,0.0,0.0,3.200000000000077,0,0,5056.790123456791,0,5352.800950270435,0
345,10644.446519900102,0.0,3200.0,0.0,0.0,0.0,0.0,3.2000000000003657,0,0,5056.790123456791,0,5352.800950270435,0
346,10675.299988073726,0.0,3200.0,0.0,0.0,0.0,0.0,3.199999999999656,0,0,5056.790123456791,0,5352.800950270435,0
347,10706.15345624735,0.0,3200.0,0.0,0.0,0.0,0.0,3.199999999999659,0,0,5056.790123456791,0,5352.800950270435,0
348,10737.006924420974,0.0,3200.0,0.0,0.0,0.0,0.0,3.1999999999999824,0,0,5056.790123456791,0,5352.800950270435,0
349,10767.860392594597,0.0,3200.0,0.0,0.0,0.0,0.0,3.200000000000133,0,0,5056.790123456791,0,5352.800950270435,0
350,10798.713860768221,0.0,3200.0,0.0,0.0,0.0,0.0,3.2000000000000304,0,0,5056.790123456791,0,5352.800950270435,0
351,10829.567328941845,0.0,3200.0,0.0,0.0,0.0,0.0,3.1999999999998088,0,0,5056.790123456791,0,5352.800950270435,0
352,10860.420797115466,0.0,3200.0,0.0,0.0,0.0,0.0,3.2000000000000295,0,0,5056.790123456791,0,5352.800950270435,0
353,10891.27426528909,0.0,3200.0,0.0,0.0,0.0,0.0,3.199999999999849,0,0,5056.790123456791,0,5352.800950270435,0
354,10922.127733462714,0.0,3200.0,0.0,0.0,0.0,0.0,3.2000000000000846,0,0,5056.790123456791,0,5352.800950270435,0
355,10952.981201636338,0.0,3200.0,0.0,0.0,0.0,0.0,3.199999999999933,0,0,5056.790123456791,0,5352.800950270435,0
356,10983.834669809961,0.0,3200.0,0.0,0.0,0.0,0.0,3.200000000000059,0,0,5056.790123456791,0,5352.800950270435,0
357,11014.688137983585,0.0,3200.0,0.0,0.0,0.0,0.0,3.1999999999999473,0,0,5056.790123456791,0,5352.800950270435,0
358,11045.541606157209,0.0,3200.0,0.0,0.0,0.0,0.0,3.199999999999992,0,0,5056.790123456791,0,5352.800950270435,0
359,11076.395074330832,0.0,3200.0,0.0,0.0,0.0,0.0,3.19999999999998,0,0,5056.790123456791,0,5352.800950270435,0
360,11107.248542504456,0.0,3200.0,0.0,0.0,0.0,0.0,3.2,0,0,5056.790123456791,0,5352.800950270435,0
361,11138.102010678078,0.0,3200.0,0.0,0.0,0.0,0.0,3.19999999999998,0,0,5056.790123456791,0,5352.800950270435,0
362,11168.955478851702,0.0,3200.0,0.0,0.0,0.0,0.0,3.199999999999992,0,0,5056.790123456791,0,5352.800950270435,0
363,11199.808947025325,0.0,3200.0,0.0,0.0,0.0,0.0,3.1999999999999473,0,0,5056.790123456791,0,5352.800950270435,0
364,11230.662415198949,0.0,3200.0,0.0,0.0,0.0,0.0,3.200000000000059,0,0,5056.790123456791,0,5352.800950270435,0
365,11261.515883372573,0.0,3200.0,0.0,0.0,0.0,0.0,3.199999999999933,0,0,5056.790123456791,0,5352.800950270435,0
366,11292.369351546196,0.0,3200.0,0.0,0.0,0.0,0.0,3.2000000000000846,0,0,5056.790123456791,0,5352.800950270435,0
367,11323.22281971982,0.0,3200.0,0.0,0.0,0.0,0.0,3.199999999999849,0,0,5056.790123456791,0,5352.800950270435,0
368,11354.076287893444,0.0,3200.0,0.0,0.0,0.0,0.0,3.2000000000000295,0,0,5056.790123456791,0,5352.800950270435,0
369,11384.929756067066,0.0,3200.0,0.0,0.0,0.0,0.0,3.1999999999998088,0,0,5056.790123456791,0,5352.800950270435,0
370,11415.78322424069,0.0,3200.0,0.0,0.0,0.0,0.0,3.2000000000000304,0,0,5056.790123456791,0,5352.800950270435,0
371,11446.636692414313,0.0,3200.0,0.0,0.0,0.0,0.0,3.200000000000133,0,0,5056.790123456791,0,5352.800950270435,0
372,11477.490160587937,0.0,3200.0,0.0,0.0,0.0,0.0,3.1999999999999824,0,0,5056.790123456791,0,5352.800950270435,0
373,11508.34362876156,0.0,3200.0,0.0,0.0,0.0,0.0,3.199999999999659,0,0,5056.790123456791,0,5352.800950270435,0
374,11539.197096935184,0.0,3200.0,0.0,0.0,0.0,0.0,3.199999999999656,0,0,5056.790123456791,0,5352.800950270435,0
375,11570.050565108808,0.0,3200.0,0.0,0.0,0.0,0.0,3.2000000000003657,0,0,5056.790123456791,0,5352.800950270435,0
376,11600.904033282432,0.0,3200.0,0.0,0.0,0.0,0.0,3.200000000000077,0,0,5056.790123456791,0,5352.800950270435,0
377,11631.757501456055,0.0,3200.0,0.0,0.0,0.0,0.0,3.20000000000015,0,0,5056.790123456791,0,5352.800950270435,0
378,11662.610969629677,0.0,3200.0,0.0,0.0,0.0,0.0,3.2000000000000726,0,0,5056.790123456791,0,5352.800950270435,0
379,11693.4644378033,0.0,3200.0,0.0,0.0,0.0,0.0,3.2000000000001685,0,0,5056.790123456791,0,5352.800950270435,0
380,11724.317905976925,0.0,3200.0,0.0,0.0,0.0,0.0,3.199999999999861,0,0,5056.790123456791,0,5352.800950270435,0
381,11755.171374150548,0.0,3200.0,0.0,0.0,0.0,0.0,3.2000000000004722,0,0,5056.790123456791,0,5352.800950270435,0
382,11786.024842324172,0.0,3200.0,0.0,0.0,0.0,0.0,3.1999999999998527,0,0,5056.790123456791,0,5352.800950270435,0
383,11816.878310497796,0.0,3200.0,0.0,0.0,0.0,0.0,3.1999999999998527,0,0,5056.790123456791,0,5352.800950270435,0
384,11847.73177867142,0.0,3200.0,0.0,0.0,0.0,0.0,3.2000000000004722,0,0,5056.790123456791,0,5352.800950270435,0
385,11878.585246845043,0.0,3200.0,0.0,0.0,0.0,0.0,3.199999999999861,0,0,5056.790123456791,0,5352.800950270435,0
386,11909.438715018667,0.0,3200.0,0.0,0.0,0.0,0.0,3.2000000000001685,0,0,5056.790123456791,0,5352.800950270435,0
387,11940.292183192289,0.0,3200.0,0.0,0.0,0.0,0.0,3.2000000000000726,0,0,5056.790123456791,0,5352.800950270435,0
388,11971.145651365912,0.0,3200.0,0.0,0.0,0.0,0.0,3.20000000000015,0,0,5056.790123456791,0,5352.800950270435,0
389,12001.999119539536,0.0,3200.0,0.0,0.0,0.0,0.0,3.200000000000077,0,0,5056.790123456791,0,5352.800950270435,0
390,12032.85258771316,0.0,3200.0,0.0,0.0,0.0,0.0,3.2000000000003657,0,0,5056.790123456791,0,5352.800950270435,0
391,12063.706055886783,0.0,3200.0,0.0,0.0,0.0,0.0,3.199999999999656,0,0,5056.790123456791,0,5352.800950270435,0
392,12094.559524060407,0.0,3200.0,0.0,0.0,0.0,0.0,3.199999999999659,0,0,5056.790123456791,0,5352.800950270435,0
393,12125.41299223403,0.0,3200.0,0.0,0.0,0.0,0.0,3.1999999999999824,0,0,5056.790123456791,0,5352.800950270435,0
394,12156.266460407654,0.0,3200.0,0.0,0.0,0.0,0.0,3.200000000000133,0,0,5056.790123456791,0,5352.800950270435,0
395,12187.119928581276,0.0,3200.0,0.0,0.0,0.0,0.0,3.2000000000000304,0,0,5056.790123456791,0,5352.800950270435,0
396,12217.9733967549,0.0,3200.0,0.0,0.0,0.0,0.0,3.1999999999998088,0,0,5056.790123456791,0,5352.800950270435,0
397,12248.826864928524,0.0,3200.0,0.0,0.0,0.0,0.0,3.2000000000000295,0,0,5056.790123456791,0,5352.800950270435,0
398,12279.680333102147,0.0,3200.0,0.0,0.0,0.0,0.0,3.199999999999849,0,0,5056.790123456791,0,5352.800950270435,0
399,12310.533801275771,0.0,3200.0,0.0,0.0,0.0,0.0,3.2000000000000846,0,0,5056.790123456791,0,5352.800950270435,0
400,12341.387269449395,0.0,3200.0,0.0,0.0,0.0,0.0,3.199999999999933,0,0,5056.790123456791,0,5352.800950270435,0
401,12372.240737623019,0.0,3200.0,0.0,0.0,0.0,0.0,3.200000000000059,0,0,5056.790123456791,0,5352.800950270435,0
402,12403.094205796642,0.0,3200.0,0.0,0.0,0.0,0.0,3.1999999999999473,0,0,5056.790123456791,0,5352.800950270435,0
403,12433.947673970266,0.0,3200.0,0.0,0.0,0.0,0.0,3.199999999999992,0,0,5056.790123456791,0,5352.800950270435,0
404,12464.801142143888,0.0,3200.0,0.0,0.0,0.0,0.0,3.19999999999998,0,0,5056.790123456791,0,5352.800950270435,0
405,12495.654610317511,0.0,3200.0,0.0,0.0,0.0,0.0,3.2,0,0,5056.790123456791,0,5352.800950270435,0
406,12526.508078491135,0.0,3200.0,0.0,0.0,-0.0,-0.0,3.19999999999998,0,0,5056.790123456791,0,5352.800950270435,0
407,12557.361546664759,0.0,3200.0,0.0,0.0,-0.0,-0.0,3.199999999999992,0,0,5056.790123456791,0,5352.800950270435,0
408,12588.215014838383,0.0,3200.0,0.0,0.0,-0.0,-0.0,3.1999999999999473,0,0,5056.790123456791,0,5352.800950270435,0
409,12619.068483012006,0.0,3200.0,0.0,0.0,-0.0,-0.0,3.200000000000059,0,0,5056.790123456791,0,5352.800950270435,0
410,12649.92195118563,0.0,3200.0,0.0,0.0,-0.0,-0.0,3.199999999999933,0,0,5056.790123456791,0,5352.800950270435,0
411,12680.775419359254,0.0,3200.0,0.0,0.0,-0.0,-0.0,3.2000000000000846,0,0,5056.790123456791,0,5352.800950270435,0
412,12711.628887532877,0.0,3200.0,0.0,0.0,-0.0,-0.0,3.199999999999849,0,0,5056.790123456791,0,5352.800950270435,0
413,12742.4823557065,0.0,3200.0,0.0,0.0,-0.0,-0.0,3.2000000000000295,0,0,5056.790123456791,0,5352.800950270435,0
414,12773.335823880123,0.0,3200.0,0.0,0.0,-0.0,-0.0,3.1999999999998088,0,0,5056.790123456791,0,5352.800950270435,0
415,12804.189292053747,0.0,3200.0,0.0,0.0,-0.0,-0.0,3.2000000000000304,0,0,5056.790123456791,0,5352.800950270435,0
416,12835.04276022737,0.0,3200.0,0.0,0.0,-0.0,-0.0,3.200000000000133,0,0,5056.790123456791,0,5352.800950270435,0
417,12865.896228400994,0.0,3200.0,0.0,0.0,-0.0,-0.0,3.1999999999999824,0,0,5056.790123456791,0,5352.800950270435,0
418,12896.749696574618,0.0,3200.0,0.0,0.0,-0.0,-0.0,3.199999999999659,0,0,5056.790123456791,0,5352.800950270435,0
419,12927.603164748241,0.0,3200.0,0.0,0.0,-0.0,-0.0,3.199999999999656,0,0,5056.790123456791,0,5352.800950270435,0
420,12958.456632921865,0.0,3200.0,0.0,0.0,-0.0,-0.0,3.2000000000003657,0,0,5056.790123456791,0,5352.800950270435,0
421,12989.310101095487,0.0,3200.0,0.0,0.0,-0.0,-0.0,3.200000000000077,0,0,5056.790123456791,0,5352.800950270435,0
422,13020.16356926911,0.0,3200.0,0.0,0.0,-0.0,-0.0,3.20000000000015,0,0,5056.790123456791,0,5352.800950270435,0
423,13051.017037442734,0.0,3200.0,0.0,0.0,-0.0,-0.0,3.2000000000000726,0,0,5056.790123456791,0,5352.800950270435,0
424,13081.870505616358,0.0,3200.0,0.0,0.0,-0.0,-0.0,3.2000000000001685,0,0,5056.790123456791,0,5352.800950270435,0
425,13112.723973789982,0.0,3200.0,0.0,0.0,-0.0,-0.0,3.199999999999861,0,0,5056.790123456791,0,5352.800950270435,0
426,13143.577441963605,0.0,3200.0,0.0,0.0,-0.0,-0.0,3.2000000000004722,0,0,5056.790123456791,0,5352.800950270435,0
427,13174.43091013723,0.0,3200.0,0.0,0.0,-0.0,-0.0,3.1999999999998527,0,0,5056.790123456791,0,5352.800950270435,0
428,13205.284378310853,0.0,3200.0,0.0,0.0,-0.0,-0.0,3.1999999999998527,0,0,5056.790123456791,0,5352.800950270435,0
429,13236.137846484477,0.0,3200.0,0.0,0.0,-0.0,-0.0,3.2000000000004722,0,0,5056.790123456791,0,5352.800950270435,0
430,13266.991314658098,0.0,3200.0,0.0,0.0,-0.0,-0.0,3.199999999999861,0,0,5056.790123456791,0,5352.800950270435,0
431,13297.844782831722,0.0,3200.0,0.0,0.0,-0.0,-0.0,3.2000000000001685,0,0,5056.790123456791,0,5352.800950270435,0
432,13328.698251005346,0.0,3200.0,0.0,0.0,-0.0,-0.0,3.2000000000000726,0,0,5056.790123456791,0,5352.800950270435,0
433,13359.55171917897,0.0,3200.0,0.0,0.0,-0.0,-0.0,3.20000000000015,0,0,5056.790123456791,0,5352.800950270435,0
434,13390.405187352593,0.0,3200.0,0.0,0.0,-0.0,-0.0,3.200000000000077,0,0,5056.790123456791,0,5352.800950270435,0
435,13421.258655526217,0.0,3200.0,0.0,0.0,-0.0,-0.0,3.2000000000003657,0,0,5056.790123456791,0,5352.800950270435,0
436,13452.11212369984,0.0,3200.0,0.0,0.0,-0.0,-0.0,3.199999999999656,0,0,5056.790123456791,0,5352.800950270435,0
437,13482.965591873464,0.0,3200.0,0.0,0.0,-0.0,-0.0,3.199999999999659,0,0,5056.790123456791,0,5352.800950270435,0
438,13513.819060047088,0.0,3200.0,0.0,0.0,-0.0,-0.0,3.1999999999999824,0,0,5056.790123456791,0,5352.800950270435,0
439,13544.67252822071,0.0,3200.0,0.0,0.0,-0.0,-0.0,3.200000000000133,0,0,5056.790123456791,0,5352.800950270435,0
440,13575.525996394334,0.0,3200.0,0.0,0.0,-0.0,-0.0,3.2000000000000304,0,0,5056.790123456791,0,5352.800950270435,0
441,13606.379464567957,0.0,3200.0,0.0,0.0,-0.0,-0.0,3.1999999999998088,0,0,5056.790123456791,0,5352.800950270435,0
442,13637.232932741581,0.0,3200.0,0.0,0.0,-0.0,-0.0,3.2000000000000295,0,0,5056.790123456791,0,5352.800950270435,0
443,13668.086400915205,0.0,3200.0,0.0,0.0,-0.0,-0.0,3.199999999999849,0,0,5056.790123456791,0,5352.800950270435,0
444,13698.939869088828,0.0,3200.0,0.0,0.0,-0.0,-0.0,3.2000000000000846,0,0,5056.790123456791,0,5352.800950270435,0
445,13729.793337262452,0.0,3200.0,0.0,0.0,-0.0,-0.0,3.199999999999933,0,0,5056.790123456791,0,5352.800950270435,0
446,13760.646805436076,0.0,3200.0,0.0,0.0,-0.0,-0.0,3.200000000000059,0,0,5056.790123456791,0,5352.800950270435,0
447,13791.500273609698,0.0,3200.0,0.0,0.0,-0.0,-0.0,3.1999999999999473,0,0,5056.790123456791,0,5352.800950270435,0
448,13822.353741783321,0.0,3200.0,0.0,0.0,-0.0,-0.0,3.199999999999992,0,0,5056.790123456791,0,5352.800950270435,0
449,13853.207209956945,0.0,3200.0,0.0,0.0,-0.0,-0.0,3.19999999999998,0,0,5056.790123456791,0,5352.800950270435,0
450,13884.060678130569,0.0,3200.0,0.0,0.0,-0.0,-0.0,3.2,0,0,5056.790123456791,0,5352.800950270435,0
451,13914.914146304192,0.0,3200.0,-0.0,-0.0,0.0,0.0,3.19999999999998,0,0,5056.790123456791,0,5352.800950270435,0
452,13945.767614477816,0.0,3200.0,-0.0,-0.0,0.0,0.0,3.199999999999992,0,0,5056.790123456791,0,5352.800950270435,0
453,13976.62108265144,0.0,3200.0,-0.0,-0.0,0.0,0.0,3.1999999999999473,0,0,5056.790123456791,0,5352.800950270435,0
454,14007.474550825063,0.0,3200.0,-0.0,-0.0,0.0,0.0,3.200000000000059,0,0,5056.790123456791,0,5352.800950270435,0
455,14038.328018998687,0.0,3200.0,-0.0,-0.0,0.0,0.0,3.199999999999933,0,0,5056.790123456791,0,5352.800950270435,0
456,14069.181487172309,0.0,3200.0,-0.0,-0.0,0.0,0.0,3.2000000000000846,0,0,5056.790123456791,0,5352.800950270435,0
457,14100.034955345933,0.0,3200.0,-0.0,-0.0,0.0,0.0,3.199999999999849,0,0,5056.790123456791,0,5352.800950270435,0
458,14130.888423519556,0.0,3200.0,-0.0,-0.0,0.0,0.0,3.2000000000000295,0,0,5056.790123456791,0,5352.800950270435,0
459,14161.74189169318,0.0,3200.0,-0.0,-0.0,0.0,0.0,3.1999999999998088,0,0,5056.790123456791,0,5352.800950270435,0
460,14192.595359866804,0.0,3200.0,-0.0,-0.0,0.0,0.0,3.2000000000000304,0,0,5056.790123456791,0,5352.800950270435,0
461,14223.448828040428,0.0,3200.0,-0.0,-0.0,0.0,0.0,3.200000000000133,0,0,5056.790123456791,0,5352.800950270435,0
462,14254.302296214051,0.0,3200.0,-0.0,-0.0,0.0,0.0,3.1999999999999824,0,0,5056.790123456791,0,5352.800950270435,0
463,14285.155764387675,0.0,3200.0,-0.0,-0.0,0.0,0.0,3.199999999999659,0,0,5056.790123456791,0,5352.800950270435,0
464,14316.009232561299,0.0,3200.0,-0.0,-0.0,0.0,0.0,3.199999999999656,0,0,5056.790123456791,0,5352.800950270435,0
465,14346.86270073492,0.0,3200.0,-0.0,-0.0,0.0,0.0,3.2000000000003657,0,0,5056.790123456791,0,5352.800950270435,0
466,14377.716168908544,0.0,3200.0,-0.0,-0.0,0.0,0.0,3.200000000000077,0,0,5056.790123456791,0,5352.800950270435,0
467,14408.569637082168,0.0,3200.0,-0.0,-0.0,0.0,0.0,3.20000000000015,0,0,5056.790123456791,0,5352.800950270435,0
468,14439.423105255792,0.0,3200.0,-0.0,-0.0,0.0,0.0,3.2000000000000726,0,0,5056.790123456791,0,5352.800950270435,0
469,14470.276573429415,0.0,3200.0,-0.0,-0.0,0.0,0.0,3.2000000000001685,0,0,5056.790123456791,0,5352.800950270435,0
470,14501.130041603039,0.0,3200.0,-0.0,-0.0,0.0,0.0,3.199999999999861,0,0,5056.790123456791,0,5352.800950270435,0
471,14531.983509776663,0.0,3200.0,-0.0,-0.0,0.0,0.0,3.2000000000004722,0,0,5056.790123456791,0,5352.800950270435,0
472,14562.836977950286,0.0,3200.0,-0.0,-0.0,0.0,0.0,3.1999999999998527,0,0,5056.790123456791,0,5352.800950270435,0
473,14593.690446123908,0.0,3200.0,-0.0,-0.0,0.0,0.0,3.1999999999998527,0,0,5056.790123456791,0,5352.800950270435,0
474,14624.543914297532,0.0,3200.0,-0.0,-0.0,0.0,0.0,3.2000000000004722,0,0,5056.790123456791,0,5352.800950270435,0
475,14655.397382471156,0.0,3200.0,-0.0,-0.0,0.0,0.0,3.199999999999861,0,0,5056.790123456791,0,5352.800950270435,0
476,14686.25085064478,0.0,3200.0,-0.0,-0.0,0.0,0.0,3.2000000000001685,0,0,5056.790123456791,0,5352.800950270435,0
477,14717.104318818403,0.0,3200.0,-0.0,-0.0,0.0,0.0,3.2000000000000726,0,0,5056.790123456791,0,5352.800950270435,0
478,14747.957786992027,0.0,3200.0,-0.0,-0.0,0.0,0.0,3.20000000000015,0,0,5056.790123456791,0,5352.800950270435,0
479,14778.81125516565,0.0,3200.0,-0.0,-0.0,0.0,0.0,3.200000000000077,0,0,5056.790123456791,0,5352.800950270435,0
480,14809.664723339274,0.0,3200.0,-0.0,-0.0,0.0,0.0,3.2000000000003657,0,0,5056.790123456791,0,5352.800950270435,0
481,14840.518191512898,0.0,3200.0,-0.0,-0.0,0.0,0.0,3.199999999999656,0,0,5056.790123456791,0,5352.800950270435,0
482,14871.37165968652,0.0,3200.0,-0.0,-0.0,0.0,0.0,3.199999999999659,0,0,5056.790123456791,0,5352.800950270435,0
483,14902.225127860143,0.0,3200.0,-0.0,-0.0,0.0,0.0,3.1999999999999824,0,0,5056.790123456791,0,5352.800950270435,0
484,14933.078596033767,0.0,3200.0,-0.0,-0.0,0.0,0.0,3.200000000000133,0,0,5056.790123456791,0,5352.800950270435,0
485,14963.93206420739,0.0,3200.0,-0.0,-0.0,0.0,0.0,3.2000000000000304,0,0,5056.790123456791,0,5352.800950270435,0
486,14994.785532381014,0.0,3200.0,-0.0,-0.0,0.0,0.0,3.1999999999998088,0,0,5056.790123456791,0,5352.800950270435,0
487,15025.639000554638,0.0,3200.0,-0.0,-0.0,0.0,0.0,3.2000000000000295,0,0,5056.790123456791,0,5352.800950270435,0
488,15056.492468728262,0.0,3200.0,-0.0,-0.0,0.0,0.0,3.199999999999849,0,0,5056.790123456791,0,5352.800950270435,0
489,15087.345936901886,0.0,3200.0,-0.0,-0.0,0.0,0.0,3.2000000000000846,0,0,5056.790123456791,0,5352.800950270435,0
490,15118.19940507551,0.0,3200.0,-0.0,-0.0,0.0,0.0,3.199999999999933,0,0,5056.790123456791,0,5352.800950270435,0
491,15149.052873249131,0.0,3200.0,-0.0,-0.0,0.0,0.0,3.200000000000059,0,0,5056.790123456791,0,5352.800950270435,0
492,15179.906341422755,0.0,3200.0,-0.0,-0.0,0.0,0.0,3.1999999999999473,0,0,5056.790123456791,0,5352.800950270435,0
493,15210.759809596379,0.0,3200.0,-0.0,-0.0,0.0,0.0,3.199999999999992,0,0,5056.790123456791,0,5352.800950270435,0
494,15241.613277770002,0.0,3200.0,-0.0,-0.0,0.0,0.0,3.19999999999998,0,0,5056.790123456791,0,5352.800950270435,0
495,15272.466745943626,0.0,3200.0,-0.0,-0.0,0.0,0.0,3.2,0,0,5056.790123456791,0,5352.800950270435,0
496,15303.32021411725,0.0,3200.0,0.0,0.0,0.0,0.0,3.19999999999998,0,0,5056.790123456791,0,5352.800950270435,0
497,15334.173682290873,0.0,3200.0,0.0,0.0,0.0,0.0,3.199999999999992,0,0,5056.790123456791,0,5352.800950270435,0
498,15365.027150464497,0.0,3200.0,0.0,0.0,0.0,0.0,3.1999999999999473,0,0,5056.790123456791,0,5352.800950270435,0
499,15395.880618638119,0.0,3200.0,0.0,0.0,0.0,0.0,3.200000000000059,0,0,5056.790123456791,0,5352.800950270435,0
500,15426.734086811743,0.0,3200.0,0.0,0.0,0.0,0.0,3.199999999999933,0,0,5056.790123456791,0,5352.800950270435,0
501,15457.587554985366,0.0,3200.0,0.0,0.0,0.0,0.0,3.2000000000000846,0,0,5056.790123456791,0,5352.800950270435,0
502,15488.44102315899,0.0,3200.0,0.0,0.0,0.0,0.0,3.199999999999849,0,0,5056.790123456791,0,5352.800950270435,0
503,15519.294491332614,0.0,3200.0,0.0,0.0,0.0,0.0,3.2000000000000295,0,0,5056.790123456791,0,5352.800950270435,0
504,15550.147959506237,0.0,3200.0,0.0,0.0,0.0,0.0,3.1999999999998088,0,0,5056.790123456791,0,5352.800950270435,0
505,15581.001427679861,0.0,3200.0,0.0,0.0,0.0,0.0,3.2000000000000304,0,0,5056.790123456791,0,5352.800950270435,0
506,15611.854895853485,0.0,3200.0,0.0,0.0,0.0,0.0,3.200000000000133,0,0,5056.790123456791,0,5352.800950270435,0
507,15642.708364027108,0.0,3200.0,0.0,0.0,0.0,0.0,3.1999999999999824,0,0,5056.790123456791,0,5352.800950270435,0
508,15673.56183220073,0.0,3200.0,0.0,0.0,0.0,0.0,3.199999999999659,0,0,5056.790123456791,0,5352.800950270435,0
509,15704.415300374354,0.0,3200.0,0.0,0.0,0.0,0.0,3.199999999999656,0,0,5056.790123456791,0,5352.800950270435,0
510,15735.268768547978,0.0,3200.0,0.0,0.0,0.0,0.0,3.2000000000003657,0,0,5056.790123456791,0,5352.800950270435,0
511,15766.122236721601,0.0,3200.0,0.0,0.0,0.0,0.0,3.200000000000077,0,0,5056.790123456791,0,5352.800950270435,0
512,15796.975704895225,0.0,3200.0,0.0,0.0,0.0,0.0,3.20000000000015,0,0,5056.790123456791,0,5352.800950270435,0
513,15827.829173068849,0.0,3200.0,0.0,0.0,0.0,0.0,3.2000000000000726,0,0,5056.790123456791,0,5352.800950270435,0
514,15858.682641242473,0.0,3200.0,0.0,0.0,0.0,0.0,3.2000000000001685,0,0,5056.790123456791,0,5352.800950270435,0
515,15889.536109416096,0.0,3200.0,0.0,0.0,0.0,0.0,3.199999999999861,0,0,5056.790123456791,0,5352.800950270435,0
516,15920.38957758972,0.0,3200.0,0.0,0.0,0.0,0.0,3.2000000000004722,0,0,5056.790123456791,0,5352.800950270435,0
517,15951.243045763342,0.0,3200.0,0.0,0.0,0.0,0.0,3.1999999999998527,0,0,5056.790123456791,0,5352.800950270435,0
518,15982.096513936965,0.0,3200.0,0.0,0.0,0.0,0.0,3.1999999999998527,0,0,5056.790123456791,0,5352.800950270435,0
519,16012.94998211059,0.0,3200.0,0.0,0.0,0.0,0.0,3.2000000000004722,0,0,5056.790123456791,0,5352.800950270435,0
520,16043.803450284213,0.0,3200.0,0.0,0.0,0.0,0.0,3.199999999999861,0,0,5056.790123456791,0,5352.800950270435,0
521,16074.656918457837,0.0,3200.0,0.0,0.0,0.0,0.0,3.2000000000001685,0,0,5056.790123456791,0,5352.800950270435,0
522,16105.51038663146,0.0,3200.0,0.0,0.0,0.0,0.0,3.2000000000000726,0,0,5056.790123456791,0,5352.800950270435,0
523,16136.363854805084,0.0,3200.0,0.0,0.0,0.0,0.0,3.20000000000015,0,0,5056.790123456791,0,5352.800950270435,0
524,16167.217322978708,0.0,3200.0,0.0,0.0,0.0,0.0,3.200000000000077,0,0,5056.790123456791,0,5352.800950270435,0
525,16198.070791152331,0.0,3200.0,0.0,0.0,0.0,0.0,3.2000000000003657,0,0,5056.790123456791,0,5352.800950270435,0
526,16228.924259325953,0.0,3200.0,0.0,0.0,0.0,0.0,3.199999999999656,0,0,5056.790123456791,0,5352.800950270435,0
527,16259.777727499577,0.0,3200.0,0.0,0.0,0.0,0.0,3.199999999999659,0,0,5056.790123456791,0,5352.800950270435,0
528,16290.6311956732,0.0,3200.0,0.0,0.0,0.0,0.0,3.1999999999999824,0,0,5056.790123456791,0,5352.800950270435,0
529,16321.484663846824,0.0,3200.0,0.0,0.0,0.0,0.0,3.200000000000133,0,0,5056.790123456791,0,5352.800950270435,0
530,16352.338132020448,0.0,3200.0,0.0,0.0,0.0,0.0,3.2000000000000304,0,0,5056.790123456791,0,5352.800950270435,0
531,16383.191600194072,0.0,3200.0,0.0,0.0,0.0,0.0,3.1999999999998088,0,0,5056.790123456791,0,5352.800950270435,0
532,16414.045068367694,0.0,3200.0,0.0,0.0,0.0,0.0,3.2000000000000295,0,0,5056.790123456791,0,5352.800950270435,0
533,16444.898536541317,0.0,3200.0,0.0,0.0,0.0,0.0,3.199999999999849,0,0,5056.790123456791,0,5352.800950270435,0
534,16475.75200471494,0.0,3200.0,0.0,0.0,0.0,0.0,3.2000000000000846,0,0,5056.790123456791,0,5352.800950270435,0
535,16506.605472888565,0.0,3200.0,0.0,0.0,0.0,0.0,3.199999999999933,0,0,5056.790123456791,0,5352.800950270435,0
536,16537.45894106219,0.0,3200.0,0.0,0.0,0.0,0.0,3.200000000000059,0,0,5056.790123456791,0,5352.800950270435,0
537,16568.312409235812,0.0,3200.0,0.0,0.0,0.0,0.0,3.1999999999999473,0,0,5056.790123456791,0,5352.800950270435,0
538,16599.165877409436,0.0,3200.0,0.0,0.0,0.0,0.0,3.199999999999992,0,0,5056.790123456791,0,5352.800950270435,0
539,16630.01934558306,0.0,3200.0,0.0,0.0,0.0,0.0,3.19999999999998,0,0,5056.790123456791,0,5352.800950270435,0
